<?xml version="1.0" encoding="UTF-8" ?>
<!DOCTYPE configuration
        PUBLIC "-//mybatis.org//DTD Config 3.0//EN"
        "http://mybatis.org/dtd/mybatis-3-config.dtd">
<configuration>

    <settings>
        <setting name="mapUnderscoreToCamelCase" value="true"/>
        <!-- 指定 MyBatis 如何自动映射 数据基表的列 NONE：不隐射　PARTIAL:部分  FULL:全部  -->
        <setting name="autoMappingBehavior" value="PARTIAL"/>

        <!-- 设置但JDBC类型为空时,某些驱动程序 要指定值,default:OTHER，插入空值时不需要指定类型 -->
        <setting name="jdbcTypeForNull" value="NULL"/>
    </settings>

    <plugins>
        <plugin interceptor="com.github.pagehelper.PageInterceptor">
            <!--分页参数合理化  -->
            <property name="reasonable" value="true"/>
        </plugin>
    </plugins>
</configuration>