<?xml version="1.0" encoding="UTF-8" ?>
<!DOCTYPE mapper PUBLIC "-//mybatis.org//DTD Mapper 3.0//EN" "http://mybatis.org/dtd/mybatis-3-mapper.dtd">
<mapper namespace="com.so.demosboot.modules.db.dao.TrainInfoDao">

    <sql id="trainInfoColumns">
        a.id AS "id",
        a.trainNumber AS "trainNumber",
        a.waitingRoom AS "waitingRoom",
        a.ticketBarrier   AS "ticketBarrier",
        a.arrivalTime AS"arrivalTime",
        a.departureTime AS "departureTime"
    </sql>
    <sql id="trainInfoJoins">

    </sql>

    <resultMap id="getList" type="com.so.demosboot.modules.db.entity.TrainInfo">
        <id property="id" column="id"/>
        <result property="trainNumber" column="trainNumber"/>
        <result property="waitingRoom" column="waitingRoom"/>
        <result property="ticketBarrier" column="ticketBarrier"/>
        <result property="arrivalTime" column="arrivalTime"/>
        <result property="departureTime" column="departureTime"/>
    </resultMap>
    <select id="getById" resultMap="getList">
        SELECT a.*
        FROM db_train_info a
        WHERE a.id = #{id}
    </select>

<!--    <select id="getById" resultType="com.so.demosboot.modules.db.entity.TrainInfo">-->
<!--        SELECT-->
<!--        <include refid="trainInfoColumns"/>-->
<!--        FROM db_train_info a-->
<!--        <include refid="trainInfoJoins"/>-->
<!--        WHERE a.id = #{id}-->
<!--    </select>-->
    <select id="findList" resultMap="getList">
        SELECT a.*
        FROM db_train_info a
        <where>
            <if test="trainNumber != null and trainNumber != ''">
                AND a.trainNumber = #{trainNumber}
            </if>
        </where>
        <choose>
            <otherwise>
            </otherwise>
        </choose>
    </select>


<!--    <select id="findList" resultType="com.so.demosboot.modules.db.entity.TrainInfo">-->
<!--        SELECT-->
<!--        <include refid="trainInfoColumns"/>-->
<!--        FROM db_train_info a-->
<!--        <include refid="trainInfoJoins"/>-->
<!--        <where>-->

<!--            <if test="id != null and id != ''">-->
<!--                AND a.id = #{id}-->
<!--            </if>-->

<!--        </where>-->
<!--        <choose>-->
<!--            <otherwise>-->
<!--            </otherwise>-->
<!--        </choose>-->
<!--    </select>-->

    <select id="findAllList" resultType="com.so.demosboot.modules.db.entity.TrainInfo">
        SELECT
        <include refid="trainInfoColumns"/>
        FROM db_train_info a
        <include refid="trainInfoJoins"/>
        <where>

        </where>
        <choose>
            <otherwise>
            </otherwise>
        </choose>
    </select>

    <insert id="insert">
        INSERT INTO db_train_info(
        id,
        trainNumber,
        waitingRoom,
        ticketBarrier,
        arrivalTime,
        departureTime
        ) VALUES (
        #{id},
        #{trainNumber},
        #{waitingRoom},
        #{ticketBarrier},
        #{arrivalTime},
        #{departureTime}
        )
    </insert>

    <update id="update">
        UPDATE db_train_info SET
        id = #{id},
        trainNumber = #{trainNumber},
        waitingRoom = #{waitingRoom},
        ticketBarrier = #{ticketBarrier},
        arrivalTime=#{arrivalTime},
        departureTime = #{departureTime}
        WHERE id = #{id}
    </update>

    <update id="delete">
        DELETE FROM db_train_info
        WHERE id = #{id}
    </update>

</mapper>