<?xml version="1.0" encoding="UTF-8" ?>
<!DOCTYPE mapper PUBLIC "-//mybatis.org//DTD Mapper 3.0//EN" "http://mybatis.org/dtd/mybatis-3-mapper.dtd">
<mapper namespace="com.so.demosboot.modules.db.dao.TrainNoticeInfoDao">

    <sql id="trainNoticeInfoColumns">
        a.id AS "id",
        a.notice AS "notice",
        a.time AS "time"
    </sql>
    <sql id="trainNoticeInfoJoins">

    </sql>

    <select id="getById" resultType="com.so.demosboot.modules.db.entity.TrainNoticeInfo">
        SELECT
        <include refid="trainNoticeInfoColumns"/>
        FROM db_notice_info a
        <include refid="trainNoticeInfoJoins"/>
        WHERE a.id = #{id}
    </select>

    <select id="findList" resultType="com.so.demosboot.modules.db.entity.TrainNoticeInfo">
        SELECT
        <include refid="trainNoticeInfoColumns"/>
        FROM db_notice_info a
        <include refid="trainNoticeInfoJoins"/>
        <where>

            <if test="id != null and id != ''">
                AND a.id = #{id}
            </if>

        </where>
        <choose>
            <otherwise>
            </otherwise>
        </choose>
    </select>

    <select id="findAllList" resultType="com.so.demosboot.modules.db.entity.TrainNoticeInfo">
        SELECT
        <include refid="trainNoticeInfoColumns"/>
        FROM db_notice_info a
        <include refid="trainNoticeInfoJoins"/>
        <where>

        </where>
        <choose>
            <otherwise>
            </otherwise>
        </choose>

    </select>

    <insert id="insert">
        INSERT INTO db_notice_info(
        id,
        notice,
        time
        ) VALUES (
        #{id},
        #{notice},
        #{time}
        )
    </insert>

    <update id="update">
        UPDATE db_notice_info SET
        id = #{id},
        notice = #{notice},
        time = #{time}
    </update>

    <update id="delete">
        DELETE FROM db_notice_info
        WHERE id = #{id}
    </update>

</mapper>