<?xml version="1.0" encoding="UTF-8" ?>
<!DOCTYPE mapper
        PUBLIC "-//mybatis.org//DTD Mapper 3.0//EN"
        "http://mybatis.org/dtd/mybatis-3-mapper.dtd">
<mapper namespace="com.so.demosboot.modules.sys.dao.UserDao">

    <sql id="userColumns">
        a.id AS "id",
        a.username AS "username",
        a.password AS "password",
        a.role AS "role"
    </sql>

    <sql id="userColumns1">
        a.id AS "id",
        a.username AS "username",
        a.password AS "password",
        a.role AS "role"

    </sql>
    <sql id="userJoins">

    </sql>



    <select id="getById" resultType="com.so.demosboot.modules.sys.entity.User">
        SELECT
        <include refid="userColumns"/>
        FROM sys_user a
        <include refid="userJoins"/>
        WHERE a.id = #{id}
    </select>

    <select id="login" resultType="com.so.demosboot.modules.sys.entity.User">
        SELECT
        <include refid="userColumns"/>
        FROM sys_user a
        <include refid="userJoins"/>
        WHERE a.username = #{username} and a.password = #{password}
    </select>


</mapper>